Video Path,Elapsed Time (ms),Average Frame Time (ms)
./output/UCF-101-SaltPepper/PizzaTossing/v_PizzaTossing_g18_c01.avi,19521.624326705933,178.37676957801537
./output/UCF-101-SaltPepper/PlayingFlute/v_PlayingFlute_g21_c03.avi,63368.85666847229,178.11228658112003
./output/UCF-101-SaltPepper/TennisSwing/v_TennisSwing_g17_c03.avi,49606.053829193115,178.02882108756964
./output/UCF-101-SaltPepper/Mixing/v_Mixing_g02_c05.avi,26458.003044128418,178.09978852400909
./output/UCF-101-SaltPepper/TrampolineJumping/v_TrampolineJumping_g14_c02.avi,40899.620056152344,178.12655794568457
./output/UCF-101-SaltPepper/Rowing/v_Rowing_g20_c04.avi,54599.91908073425,178.0482211144142
./output/UCF-101-SaltPepper/ApplyEyeMakeup/v_ApplyEyeMakeup_g04_c02.avi,23631.40344619751,178.27802715879497
./output/UCF-101-SaltPepper/LongJump/v_LongJump_g25_c03.avi,31622.151613235474,178.07697845717607
./output/UCF-101-SaltPepper/PlayingDhol/v_PlayingDhol_g04_c04.avi,73348.07586669922,178.14681767837266
./output/UCF-101-SaltPepper/SoccerJuggling/v_SoccerJuggling_g23_c02.avi,42844.66600418091,178.05808981259665
./output/UCF-101-SaltPepper/Surfing/v_Surfing_g20_c06.avi,46223.13833236694,178.03628012020155
./output/UCF-101-SaltPepper/PlayingViolin/v_PlayingViolin_g13_c03.avi,30792.02389717102,178.42480470967848
./output/UCF-101-SaltPepper/ThrowDiscus/v_ThrowDiscus_g08_c03.avi,20614.006519317627,178.40750321097997
./output/UCF-101-SaltPepper/SkateBoarding/v_SkateBoarding_g08_c05.avi,19329.447031021118,178.0905833950749
./output/UCF-101-SaltPepper/Fencing/v_Fencing_g03_c04.avi,16839.442253112793,178.1366784521874
./output/UCF-101-SaltPepper/Hammering/v_Hammering_g19_c04.avi,15960.93225479126,178.28753289212003
./output/UCF-101-SaltPepper/CliffDiving/v_CliffDiving_g03_c01.avi,16480.729818344116,178.11143139134282
./output/UCF-101-SaltPepper/Swing/v_Swing_g21_c05.avi,35904.839277267456,178.1040779986785
./output/UCF-101-SaltPepper/PlayingSitar/v_PlayingSitar_g23_c06.avi,74789.47472572327,178.18289895615317
./output/UCF-101-SaltPepper/BlowDryHair/v_BlowDryHair_g03_c01.avi,42319.87404823303,178.10044006959296
./output/UCF-101-SaltPepper/VolleyballSpiking/v_VolleyballSpiking_g07_c05.avi,15418.899536132812,178.20166155349378
./output/UCF-101-SaltPepper/Punch/v_Punch_g16_c05.avi,53558.41159820557,178.13886880874634
./output/UCF-101-SaltPepper/HighJump/v_HighJump_g08_c02.avi,20959.68198776245,178.2751001863398
./output/UCF-101-SaltPepper/PlayingTabla/v_PlayingTabla_g11_c03.avi,50879.75764274597,178.11490443714877
./output/UCF-101-SaltPepper/BaseballPitch/v_BaseballPitch_g11_c01.avi,18619.418144226074,178.12173412396356
./output/UCF-101-SaltPepper/PullUps/v_PullUps_g10_c02.avi,30915.929317474365,178.1123566489688
./output/UCF-101-SaltPepper/PlayingDaf/v_PlayingDaf_g06_c03.avi,56986.73129081726,178.26717774322415
./output/UCF-101-SaltPepper/HandstandWalking/v_HandstandWalking_g19_c04.avi,47549.02458190918,178.3305021156942
./output/UCF-101-SaltPepper/ParallelBars/v_ParallelBars_g15_c02.avi,25957.661390304565,178.33748028196138
./output/UCF-101-SaltPepper/Diving/v_Diving_g08_c05.avi,27707.526683807373,178.10626491423577
./output/UCF-101-SaltPepper/SalsaSpin/v_SalsaSpin_g06_c05.avi,29843.76883506775,178.0890361991471
./output/UCF-101-SaltPepper/UnevenBars/v_UnevenBars_g16_c04.avi,53593.125343322754,178.25685342152914
./output/UCF-101-SaltPepper/JavelinThrow/v_JavelinThrow_g14_c03.avi,9182.889461517334,178.32100625131645
./output/UCF-101-SaltPepper/Haircut/v_Haircut_g19_c03.avi,45730.00383377075,178.19897830486298
./output/UCF-101-SaltPepper/ApplyLipstick/v_ApplyLipstick_g21_c03.avi,25580.017805099487,178.1835972845971
./output/UCF-101-SaltPepper/PlayingCello/v_PlayingCello_g22_c01.avi,45904.858112335205,178.18367620386502
./output/UCF-101-SaltPepper/Nunchucks/v_Nunchucks_g01_c02.avi,46608.72745513916,178.1440758613791
./output/UCF-101-SaltPepper/CleanAndJerk/v_CleanAndJerk_g25_c03.avi,37141.33286476135,178.0521835272129
./output/UCF-101-SaltPepper/HandstandPushups/v_HandStandPushups_g03_c04.avi,31298.895597457886,178.2627718789237
./output/UCF-101-SaltPepper/CuttingInKitchen/v_CuttingInKitchen_g14_c04.avi,17567.01159477234,178.28584933767513
./output/UCF-101-SaltPepper/BoxingPunchingBag/v_BoxingPunchingBag_g01_c06.avi,29314.49055671692,178.1309014413415
./output/UCF-101-SaltPepper/PushUps/v_PushUps_g04_c01.avi,16301.548957824707,178.10053353781228
./output/UCF-101-SaltPepper/PommelHorse/v_PommelHorse_g19_c03.avi,51408.75029563904,178.09701379802493
./output/UCF-101-SaltPepper/BodyWeightSquats/v_BodyWeightSquats_g24_c01.avi,41077.71706581116,178.12433968419614
./output/UCF-101-SaltPepper/FieldHockeyPenalty/v_FieldHockeyPenalty_g17_c04.avi,14873.313426971436,178.0902506357216
./output/UCF-101-SaltPepper/Typing/v_Typing_g24_c03.avi,51462.6362323761,178.28939689530267
./output/UCF-101-SaltPepper/FloorGymnastics/v_FloorGymnastics_g10_c05.avi,22562.806844711304,178.29421777573842
./output/UCF-101-SaltPepper/MoppingFloor/v_MoppingFloor_g05_c02.avi,51753.40175628662,178.0590534210205
./output/UCF-101-SaltPepper/Bowling/v_Bowling_g13_c05.avi,19155.723333358765,178.12778793762777
./output/UCF-101-SaltPepper/HorseRace/v_HorseRace_g14_c03.avi,40936.068534851074,178.28058259455918
./output/UCF-101-SaltPepper/Biking/v_Biking_g21_c03.avi,21824.311017990112,178.09512185268716
./output/UCF-101-SaltPepper/HeadMassage/v_HeadMassage_g04_c02.avi,30021.677255630493,178.09638097172692
./output/UCF-101-SaltPepper/PlayingGuitar/v_PlayingGuitar_g25_c03.avi,44678.364276885986,178.27243041992188
./output/UCF-101-SaltPepper/BabyCrawling/v_BabyCrawling_g20_c01.avi,46646.68369293213,178.29312309908227
./output/UCF-101-SaltPepper/PlayingPiano/v_PlayingPiano_g18_c03.avi,43289.63017463684,178.42930112003296
./output/UCF-101-SaltPepper/CricketBowling/v_CricketBowling_g07_c01.avi,11682.460308074951,178.28629933870755
./output/UCF-101-SaltPepper/BalanceBeam/v_BalanceBeam_g04_c01.avi,21509.40227508545,178.43031883239746
./output/UCF-101-SaltPepper/TaiChi/v_TaiChi_g07_c03.avi,30561.721324920654,178.12383244609276
./output/UCF-101-SaltPepper/Basketball/v_Basketball_g02_c03.avi,20037.75119781494,178.05723420211248
./output/UCF-101-SaltPepper/Archery/v_Archery_g02_c07.avi,29665.552854537964,178.09311596744033
./output/UCF-101-SaltPepper/WritingOnBoard/v_WritingOnBoard_g17_c01.avi,32545.33553123474,178.24767841087592
./output/UCF-101-SaltPepper/MilitaryParade/v_MilitaryParade_g25_c06.avi,22007.067680358887,178.13403238125932
./output/UCF-101-SaltPepper/Rafting/v_Rafting_g19_c04.avi,42019.63806152344,178.33704339697005
./output/UCF-101-SaltPepper/IceDancing/v_IceDancing_g02_c02.avi,44985.663175582886,178.073869811164
./output/UCF-101-SaltPepper/BrushingTeeth/v_BrushingTeeth_g25_c03.avi,39327.3561000824,178.27381437475032
./output/UCF-101-SaltPepper/PoleVault/v_PoleVault_g06_c05.avi,46419.62933540344,178.1046408873338
./output/UCF-101-SaltPepper/RockClimbingIndoor/v_RockClimbingIndoor_g11_c03.avi,29848.081827163696,178.12161531277044
./output/UCF-101-SaltPepper/BenchPress/v_BenchPress_g17_c02.avi,12204.96129989624,178.15278558170095
./output/UCF-101-SaltPepper/JugglingBalls/v_JugglingBalls_g22_c06.avi,45359.28559303284,178.14294747480258
./output/UCF-101-SaltPepper/HorseRiding/v_HorseRiding_g20_c04.avi,29128.8423538208,178.08074015049846
./output/UCF-101-SaltPepper/StillRings/v_StillRings_g13_c01.avi,60206.74419403076,178.29489849441484
./output/UCF-101-SaltPepper/FrontCrawl/v_FrontCrawl_g19_c04.avi,16121.921062469482,178.09615665011935
./output/UCF-101-SaltPepper/JumpRope/v_JumpRope_g10_c03.avi,107911.09824180603,178.41302203816295
./output/UCF-101-SaltPepper/Billiards/v_Billiards_g14_c06.avi,52301.96309089661,178.10470740542883
./output/UCF-101-SaltPepper/Knitting/v_Knitting_g03_c05.avi,37867.29860305786,178.11439284738503
./output/UCF-101-SaltPepper/RopeClimbing/v_RopeClimbing_g19_c02.avi,30558.089017868042,178.10487189488103
./output/UCF-101-SaltPepper/JumpingJack/v_JumpingJack_g13_c05.avi,17366.92237854004,178.07452457467306
./output/UCF-101-SaltPepper/GolfSwing/v_GolfSwing_g17_c02.avi,22367.50102043152,178.16455841064453
./output/UCF-101-SaltPepper/WallPushups/v_WallPushups_g17_c02.avi,23279.556274414062,178.32066279191238
./output/UCF-101-SaltPepper/BoxingSpeedBag/v_BoxingSpeedBag_g19_c04.avi,22550.14204978943,178.20166973840622
./output/UCF-101-SaltPepper/SoccerPenalty/v_SoccerPenalty_g24_c05.avi,15600.922584533691,178.25805729833144
./output/UCF-101-SaltPepper/Lunges/v_Lunges_g09_c03.avi,36618.51263046265,178.11304301750368
./output/UCF-101-SaltPepper/BandMarching/v_BandMarching_g18_c02.avi,38229.58469390869,178.1390103224282
./output/UCF-101-SaltPepper/WalkingWithDog/v_WalkingWithDog_g18_c03.avi,42839.39003944397,178.0373215675354
./output/UCF-101-SaltPepper/Skiing/v_Skiing_g10_c01.avi,27724.332332611084,178.21426237783123
./output/UCF-101-SaltPepper/TableTennisShot/v_TableTennisShot_g09_c03.avi,13820.235252380371,178.29194935885343
./output/UCF-101-SaltPepper/FrisbeeCatch/v_FrisbeeCatch_g01_c02.avi,11504.143238067627,178.24047431349754
./output/UCF-101-SaltPepper/Skijet/v_Skijet_g08_c03.avi,37354.67052459717,178.21867386119789
./output/UCF-101-SaltPepper/BlowingCandles/v_BlowingCandles_g19_c03.avi,20628.53193283081,178.49513758783755
./output/UCF-101-SaltPepper/SumoWrestling/v_SumoWrestling_g07_c02.avi,46682.18111991882,178.41690162132525
./output/UCF-101-SaltPepper/Kayaking/v_Kayaking_g08_c05.avi,27880.420446395874,178.07840078304974
./output/UCF-101-SaltPepper/Drumming/v_Drumming_g14_c01.avi,46128.24368476868,178.35782849511435
./output/UCF-101-SaltPepper/SkyDiving/v_SkyDiving_g06_c04.avi,27520.36428451538,178.05424448731657
./output/UCF-101-SaltPepper/BasketballDunk/v_BasketballDunk_g03_c04.avi,14526.93247795105,178.19641843254183
./output/UCF-101-SaltPepper/CricketShot/v_CricketShot_g06_c06.avi,30206.35962486267,178.12611365459375
./output/UCF-101-SaltPepper/HulaHoop/v_HulaHoop_g10_c02.avi,18078.407526016235,178.05634158672672
./output/UCF-101-SaltPepper/HammerThrow/v_HammerThrow_g10_c04.avi,42350.93092918396,178.232329807201
./output/UCF-101-SaltPepper/BreastStroke/v_BreastStroke_g08_c04.avi,35592.83781051636,178.31553286643484
./output/UCF-101-SaltPepper/YoYo/v_YoYo_g09_c04.avi,31636.477947235107,178.13931885412183
./output/UCF-101-SaltPepper/Shotput/v_Shotput_g08_c06.avi,18100.666999816895,178.2738171001472
./output/UCF-101-SaltPepper/ShavingBeard/v_ShavingBeard_g06_c05.avi,64045.987606048584,178.0573757246012
./output/UCF-101-Speckle/PizzaTossing/v_PizzaTossing_g18_c01.avi,19329.103708267212,178.0057019657559
./output/UCF-101-Speckle/PlayingFlute/v_PlayingFlute_g21_c03.avi,63328.474283218384,178.0487577680131
./output/UCF-101-Speckle/TennisSwing/v_TennisSwing_g17_c03.avi,49576.82204246521,177.9281123936605
./output/UCF-101-Speckle/Mixing/v_Mixing_g02_c05.avi,26435.06669998169,177.94530617224203
./output/UCF-101-Speckle/TrampolineJumping/v_TrampolineJumping_g14_c02.avi,40887.67337799072,178.07936980734746
./output/UCF-101-Speckle/Rowing/v_Rowing_g20_c04.avi,54596.23384475708,178.01728046018314
./output/UCF-101-Speckle/ApplyEyeMakeup/v_ApplyEyeMakeup_g04_c02.avi,23593.873977661133,177.99620736729014
./output/UCF-101-Speckle/LongJump/v_LongJump_g25_c03.avi,31621.42539024353,178.0707041422526
./output/UCF-101-Speckle/PlayingDhol/v_PlayingDhol_g04_c04.avi,73260.42890548706,177.93712012669175
./output/UCF-101-Speckle/SoccerJuggling/v_SoccerJuggling_g23_c02.avi,42821.39539718628,177.9666026433309
./output/UCF-101-Speckle/Surfing/v_Surfing_g20_c06.avi,46213.79327774048,178.0007760036866
./output/UCF-101-Speckle/PlayingViolin/v_PlayingViolin_g13_c03.avi,30684.133529663086,177.81497849974522
./output/UCF-101-Speckle/ThrowDiscus/v_ThrowDiscus_g08_c03.avi,20562.317848205566,177.96877570774245
./output/UCF-101-Speckle/SkateBoarding/v_SkateBoarding_g08_c05.avi,19321.14052772522,178.01102223219695
./output/UCF-101-Speckle/Fencing/v_Fencing_g03_c04.avi,16828.944206237793,178.02368580026828
./output/UCF-101-Speckle/Hammering/v_Hammering_g19_c04.avi,15933.995008468628,177.98799611209483
./output/UCF-101-Speckle/CliffDiving/v_CliffDiving_g03_c01.avi,16475.53062438965,178.05130585380223
./output/UCF-101-Speckle/Swing/v_Swing_g21_c05.avi,35893.77570152283,178.05164963451784
./output/UCF-101-Speckle/PlayingSitar/v_PlayingSitar_g23_c06.avi,74694.37170028687,177.9653644789375
./output/UCF-101-Speckle/BlowDryHair/v_BlowDryHair_g03_c01.avi,42305.58896064758,178.0471932535936
./output/UCF-101-Speckle/VolleyballSpiking/v_VolleyballSpiking_g07_c05.avi,15394.747018814087,177.9348850250244
./output/UCF-101-Speckle/Punch/v_Punch_g16_c05.avi,53520.19453048706,178.0009396870931
./output/UCF-101-Speckle/HighJump/v_HighJump_g08_c02.avi,20922.695636749268,178.00581353342432
./output/UCF-101-Speckle/PlayingTabla/v_PlayingTabla_g11_c03.avi,50837.06259727478,177.97894394188597
./output/UCF-101-Speckle/BaseballPitch/v_BaseballPitch_g11_c01.avi,18608.984231948853,178.01227248631992
./output/UCF-101-Speckle/PullUps/v_PullUps_g10_c02.avi,30902.363300323486,178.01363757580003
./output/UCF-101-Speckle/PlayingDaf/v_PlayingDaf_g06_c03.avi,56902.79459953308,178.0092820852154
./output/UCF-101-Speckle/HandstandWalking/v_HandstandWalking_g19_c04.avi,47451.08938217163,177.96230226531065
./output/UCF-101-Speckle/ParallelBars/v_ParallelBars_g15_c02.avi,25912.55283355713,178.01970613413843
./output/UCF-101-Speckle/Diving/v_Diving_g08_c05.avi,27703.083515167236,178.02494725873393
./output/UCF-101-Speckle/SalsaSpin/v_SalsaSpin_g06_c05.avi,29821.97880744934,177.96056427641543
./output/UCF-101-Speckle/UnevenBars/v_UnevenBars_g16_c04.avi,53515.10143280029,177.99275716145834
./output/UCF-101-Speckle/JavelinThrow/v_JavelinThrow_g14_c03.avi,9165.899753570557,177.95574431325875
./output/UCF-101-Speckle/Haircut/v_Haircut_g19_c03.avi,45704.400062561035,178.096204996109
./output/UCF-101-Speckle/ApplyLipstick/v_ApplyLipstick_g21_c03.avi,25540.091037750244,177.92155025722263
./output/UCF-101-Speckle/PlayingCello/v_PlayingCello_g22_c01.avi,45864.13764953613,178.02548130198676
./output/UCF-101-Speckle/Nunchucks/v_Nunchucks_g01_c02.avi,46573.99797439575,178.01990636920564
./output/UCF-101-Speckle/CleanAndJerk/v_CleanAndJerk_g25_c03.avi,37131.47592544556,178.00499269595514
./output/UCF-101-Speckle/HandstandPushups/v_HandStandPushups_g03_c04.avi,31246.437788009644,177.96468326023646
./output/UCF-101-Speckle/CuttingInKitchen/v_CuttingInKitchen_g14_c04.avi,17536.118507385254,177.9855270774997
./output/UCF-101-Speckle/BoxingPunchingBag/v_BoxingPunchingBag_g01_c06.avi,29293.288946151733,177.9978566053437
./output/UCF-101-Speckle/PushUps/v_PushUps_g04_c01.avi,16286.25226020813,177.95533138317066
./output/UCF-101-Speckle/PommelHorse/v_PommelHorse_g19_c03.avi,51378.20625305176,178.00041867627039
./output/UCF-101-Speckle/BodyWeightSquats/v_BodyWeightSquats_g24_c01.avi,41050.97317695618,178.01494080087414
./output/UCF-101-Speckle/FieldHockeyPenalty/v_FieldHockeyPenalty_g17_c04.avi,14865.258932113647,177.9794807893684
./output/UCF-101-Speckle/Typing/v_Typing_g24_c03.avi,51378.061056137085,177.98873864942126
./output/UCF-101-Speckle/FloorGymnastics/v_FloorGymnastics_g10_c05.avi,22523.677349090576,177.97488257998512
./output/UCF-101-Speckle/MoppingFloor/v_MoppingFloor_g05_c02.avi,51741.81246757507,178.02088836143756
./output/UCF-101-Speckle/Bowling/v_Bowling_g13_c05.avi,19138.37170600891,177.97784938990512
./output/UCF-101-Speckle/HorseRace/v_HorseRace_g14_c03.avi,40863.04783821106,177.97383262600962
./output/UCF-101-Speckle/Biking/v_Biking_g21_c03.avi,21823.72736930847,178.05332824832104
./output/UCF-101-Speckle/HeadMassage/v_HeadMassage_g04_c02.avi,30018.699407577515,178.04589583760216
./output/UCF-101-Speckle/PlayingGuitar/v_PlayingGuitar_g25_c03.avi,44597.47767448425,177.93073081970215
./output/UCF-101-Speckle/BabyCrawling/v_BabyCrawling_g20_c01.avi,46567.15440750122,177.9827669662534
./output/UCF-101-Speckle/PlayingPiano/v_PlayingPiano_g18_c03.avi,43140.31982421875,177.8143329068649
./output/UCF-101-Speckle/CricketBowling/v_CricketBowling_g07_c01.avi,11656.563997268677,177.951350578895
./output/UCF-101-Speckle/BalanceBeam/v_BalanceBeam_g04_c01.avi,21462.876319885254,178.04089784622192
./output/UCF-101-Speckle/TaiChi/v_TaiChi_g07_c03.avi,30541.37921333313,178.01340281614785
./output/UCF-101-Speckle/Basketball/v_Basketball_g02_c03.avi,20028.233289718628,177.964591554233
./output/UCF-101-Speckle/Archery/v_Archery_g02_c07.avi,29661.1328125,178.07245254516602
./output/UCF-101-Speckle/WritingOnBoard/v_WritingOnBoard_g17_c01.avi,32488.76142501831,177.91459455594912
./output/UCF-101-Speckle/MilitaryParade/v_MilitaryParade_g25_c06.avi,21992.724657058716,178.01503243485118
./output/UCF-101-Speckle/Rafting/v_Rafting_g19_c04.avi,41935.49370765686,177.98385823026618
./output/UCF-101-Speckle/IceDancing/v_IceDancing_g02_c02.avi,44953.94515991211,177.95118074568492
./output/UCF-101-Speckle/BrushingTeeth/v_BrushingTeeth_g25_c03.avi,39258.74972343445,177.96119126406583
./output/UCF-101-Speckle/PoleVault/v_PoleVault_g06_c05.avi,46395.336389541626,178.01277362383328
./output/UCF-101-Speckle/RockClimbingIndoor/v_RockClimbingIndoor_g11_c03.avi,29830.32727241516,178.01924094468535
./output/UCF-101-Speckle/BenchPress/v_BenchPress_g17_c02.avi,12194.050312042236,177.95764698701745
./output/UCF-101-Speckle/JugglingBalls/v_JugglingBalls_g22_c06.avi,45358.84952545166,178.13838091422252
./output/UCF-101-Speckle/HorseRiding/v_HorseRiding_g20_c04.avi,29120.218753814697,178.0304791737188
./output/UCF-101-Speckle/StillRings/v_StillRings_g13_c01.avi,60088.139295578,177.95452236775475
./output/UCF-101-Speckle/FrontCrawl/v_FrontCrawl_g19_c04.avi,16114.052057266235,178.0070039961073
./output/UCF-101-Speckle/JumpRope/v_JumpRope_g10_c03.avi,107637.52388954163,177.96263907918868
./output/UCF-101-Speckle/Billiards/v_Billiards_g14_c06.avi,52267.35830307007,177.9965491831913
./output/UCF-101-Speckle/Knitting/v_Knitting_g03_c05.avi,37830.623388290405,177.92211950949903
./output/UCF-101-Speckle/RopeClimbing/v_RopeClimbing_g19_c02.avi,30548.893690109253,178.05000355369165
./output/UCF-101-Speckle/JumpingJack/v_JumpingJack_g13_c05.avi,17358.043432235718,177.9865186239026
./output/UCF-101-Speckle/GolfSwing/v_GolfSwing_g17_c02.avi,22350.542545318604,178.02797889709473
./output/UCF-101-Speckle/WallPushups/v_WallPushups_g17_c02.avi,23237.14256286621,177.99086754138654
./output/UCF-101-Speckle/BoxingSpeedBag/v_BoxingSpeedBag_g19_c04.avi,22531.266450881958,178.04754348028274
./output/UCF-101-Speckle/SoccerPenalty/v_SoccerPenalty_g24_c05.avi,15578.156471252441,177.99599691369068
./output/UCF-101-Speckle/Lunges/v_Lunges_g09_c03.avi,36600.74162483215,178.02512820174056
./output/UCF-101-Speckle/BandMarching/v_BandMarching_g18_c02.avi,38220.84021568298,178.10134909977424
./output/UCF-101-Speckle/WalkingWithDog/v_WalkingWithDog_g18_c03.avi,42812.886238098145,177.9311090707779
./output/UCF-101-Speckle/Skiing/v_Skiing_g10_c01.avi,27688.004970550537,177.9903627211048
./output/UCF-101-Speckle/TableTennisShot/v_TableTennisShot_g09_c03.avi,13795.186996459961,177.97522111372515
./output/UCF-101-Speckle/FrisbeeCatch/v_FrisbeeCatch_g01_c02.avi,11482.378482818604,177.9937669634819
./output/UCF-101-Speckle/Skijet/v_Skijet_g08_c03.avi,37305.68861961365,177.98506586175216
./output/UCF-101-Speckle/BlowingCandles/v_BlowingCandles_g19_c03.avi,20562.274932861328,177.9752772787343
./output/UCF-101-Speckle/SumoWrestling/v_SumoWrestling_g07_c02.avi,46559.789180755615,177.96883637877716
./output/UCF-101-Speckle/Kayaking/v_Kayaking_g08_c05.avi,27872.86400794983,178.02682748207678
./output/UCF-101-Speckle/Drumming/v_Drumming_g14_c01.avi,46070.9114074707,178.14043695612472
./output/UCF-101-Speckle/SkyDiving/v_SkyDiving_g06_c04.avi,27513.082265853882,178.0074726451527
./output/UCF-101-Speckle/BasketballDunk/v_BasketballDunk_g03_c04.avi,14516.20364189148,178.06515870270906
./output/UCF-101-Speckle/CricketShot/v_CricketShot_g06_c06.avi,30192.535161972046,178.05296288439507
./output/UCF-101-Speckle/HulaHoop/v_HulaHoop_g10_c02.avi,18075.96707344055,178.0374569467979
./output/UCF-101-Speckle/HammerThrow/v_HammerThrow_g10_c04.avi,42293.774127960205,177.99419491602902
./output/UCF-101-Speckle/BreastStroke/v_BreastStroke_g08_c04.avi,35535.81976890564,178.03368017302085
./output/UCF-101-Speckle/YoYo/v_YoYo_g09_c04.avi,31613.648891448975,178.02350669257385
./output/UCF-101-Speckle/Shotput/v_Shotput_g08_c06.avi,18068.2475566864,177.95622938930399
./output/UCF-101-Speckle/ShavingBeard/v_ShavingBeard_g06_c05.avi,63992.790937423706,177.9163023223452
./output/UCF-101-Gaussian/PizzaTossing/v_PizzaTossing_g18_c01.avi,19337.321043014526,178.16201183531018
./output/UCF-101-Gaussian/PlayingFlute/v_PlayingFlute_g21_c03.avi,63378.937005996704,178.1898881348086
./output/UCF-101-Gaussian/TennisSwing/v_TennisSwing_g17_c03.avi,49634.724378585815,178.13202202748909
./output/UCF-101-Gaussian/Mixing/v_Mixing_g02_c05.avi,26471.237421035767,178.18014847265707
./output/UCF-101-Gaussian/TrampolineJumping/v_TrampolineJumping_g14_c02.avi,40918.75076293945,178.20438339200084
./output/UCF-101-Gaussian/Rowing/v_Rowing_g20_c04.avi,54636.815786361694,178.16924970913556
./output/UCF-101-Gaussian/ApplyEyeMakeup/v_ApplyEyeMakeup_g04_c02.avi,23617.00129508972,178.17003618587148
./output/UCF-101-Gaussian/LongJump/v_LongJump_g25_c03.avi,31639.130115509033,178.1680812943453
./output/UCF-101-Gaussian/PlayingDhol/v_PlayingDhol_g04_c04.avi,73358.39986801147,178.17202391705663
./output/UCF-101-Gaussian/SoccerJuggling/v_SoccerJuggling_g23_c02.avi,42867.863178253174,178.1608243783315
./output/UCF-101-Gaussian/Surfing/v_Surfing_g20_c06.avi,46249.21798706055,178.13920330356908
./output/UCF-101-Gaussian/PlayingViolin/v_PlayingViolin_g13_c03.avi,30747.44987487793,178.1666542208472
./output/UCF-101-Gaussian/ThrowDiscus/v_ThrowDiscus_g08_c03.avi,20586.734771728516,178.16332734149435
./output/UCF-101-Gaussian/SkateBoarding/v_SkateBoarding_g08_c05.avi,19333.058834075928,178.12935069755272
./output/UCF-101-Gaussian/Fencing/v_Fencing_g03_c04.avi,16843.883991241455,178.17485839762585
./output/UCF-101-Gaussian/Hammering/v_Hammering_g19_c04.avi,15952.048540115356,178.19406209367045
./output/UCF-101-Gaussian/CliffDiving/v_CliffDiving_g03_c01.avi,16488.454818725586,178.2016080358754
./output/UCF-101-Gaussian/Swing/v_Swing_g21_c05.avi,35918.418645858765,178.17472344014183
./output/UCF-101-Gaussian/PlayingSitar/v_PlayingSitar_g23_c06.avi,74799.16000366211,178.19683648521405
./output/UCF-101-Gaussian/BlowDryHair/v_BlowDryHair_g03_c01.avi,42338.7336730957,178.17827116085004
./output/UCF-101-Gaussian/VolleyballSpiking/v_VolleyballSpiking_g07_c05.avi,15417.043924331665,178.18630850592325
./output/UCF-101-Gaussian/Punch/v_Punch_g16_c05.avi,53566.898584365845,178.16704432169595
./output/UCF-101-Gaussian/HighJump/v_HighJump_g08_c02.avi,20940.738201141357,178.15317251743414
./output/UCF-101-Gaussian/PlayingTabla/v_PlayingTabla_g11_c03.avi,50894.845724105835,178.1748654549582
./output/UCF-101-Gaussian/BaseballPitch/v_BaseballPitch_g11_c01.avi,18627.551317214966,178.19007084919855
./output/UCF-101-Gaussian/PullUps/v_PullUps_g10_c02.avi,30922.18518257141,178.1536375167053
./output/UCF-101-Gaussian/PlayingDaf/v_PlayingDaf_g06_c03.avi,56957.11016654968,178.1766093263058
./output/UCF-101-Gaussian/HandstandWalking/v_HandstandWalking_g19_c04.avi,47499.420166015625,178.1496024669561
./output/UCF-101-Gaussian/ParallelBars/v_ParallelBars_g15_c02.avi,25940.87243080139,178.20870300819135
./output/UCF-101-Gaussian/Diving/v_Diving_g08_c05.avi,27714.274168014526,178.15207819784843
./output/UCF-101-Gaussian/SalsaSpin/v_SalsaSpin_g06_c05.avi,29850.811004638672,178.13052245956695
./output/UCF-101-Gaussian/UnevenBars/v_UnevenBars_g16_c04.avi,53570.28317451477,178.1819454828898
./output/UCF-101-Gaussian/JavelinThrow/v_JavelinThrow_g14_c03.avi,9176.23496055603,178.174332076428
./output/UCF-101-Gaussian/Haircut/v_Haircut_g19_c03.avi,45728.58929634094,178.19191329181194
./output/UCF-101-Gaussian/ApplyLipstick/v_ApplyLipstick_g21_c03.avi,25579.424142837524,178.1635867965805
./output/UCF-101-Gaussian/PlayingCello/v_PlayingCello_g22_c01.avi,45905.71141242981,178.1809775281973
./output/UCF-101-Gaussian/Nunchucks/v_Nunchucks_g01_c02.avi,46617.69962310791,178.1764030456543
./output/UCF-101-Gaussian/CleanAndJerk/v_CleanAndJerk_g25_c03.avi,37169.567346572876,178.1842834674395
./output/UCF-101-Gaussian/HandstandPushups/v_HandStandPushups_g03_c04.avi,31284.73210334778,178.18474497113908
./output/UCF-101-Gaussian/CuttingInKitchen/v_CuttingInKitchen_g14_c04.avi,17554.1250705719,178.16016625384896
./output/UCF-101-Gaussian/BoxingPunchingBag/v_BoxingPunchingBag_g01_c06.avi,29329.22053337097,178.17201992360557
./output/UCF-101-Gaussian/PushUps/v_PushUps_g04_c01.avi,16308.077573776245,178.181855233161
./output/UCF-101-Gaussian/PommelHorse/v_PommelHorse_g19_c03.avi,51419.69990730286,178.14542767074374
./output/UCF-101-Gaussian/BodyWeightSquats/v_BodyWeightSquats_g24_c01.avi,41090.74664115906,178.17675030749777
./output/UCF-101-Gaussian/FieldHockeyPenalty/v_FieldHockeyPenalty_g17_c04.avi,14878.745555877686,178.13991064048676
./output/UCF-101-Gaussian/Typing/v_Typing_g24_c03.avi,51428.89094352722,178.17280855443744
./output/UCF-101-Gaussian/FloorGymnastics/v_FloorGymnastics_g10_c05.avi,22550.29821395874,178.2016224331326
./output/UCF-101-Gaussian/MoppingFloor/v_MoppingFloor_g05_c02.avi,51787.012338638306,178.17931093018632
./output/UCF-101-Gaussian/Bowling/v_Bowling_g13_c05.avi,19165.164709091187,178.17446673027823
./output/UCF-101-Gaussian/HorseRace/v_HorseRace_g14_c03.avi,40913.17844390869,178.18494655159364
./output/UCF-101-Gaussian/Biking/v_Biking_g21_c03.avi,21839.56503868103,178.214753260378
./output/UCF-101-Gaussian/HeadMassage/v_HeadMassage_g04_c02.avi,30039.774656295776,178.20092609950476
./output/UCF-101-Gaussian/PlayingGuitar/v_PlayingGuitar_g25_c03.avi,44644.9248790741,178.13756847381592
./output/UCF-101-Gaussian/BabyCrawling/v_BabyCrawling_g20_c01.avi,46614.943981170654,178.15538658492866
./output/UCF-101-Gaussian/PlayingPiano/v_PlayingPiano_g18_c03.avi,43227.42056846619,178.14761745043037
./output/UCF-101-Gaussian/CricketBowling/v_CricketBowling_g07_c01.avi,11673.168182373047,178.17874321570764
./output/UCF-101-Gaussian/BalanceBeam/v_BalanceBeam_g04_c01.avi,21482.50150680542,178.20783058802286
./output/UCF-101-Gaussian/TaiChi/v_TaiChi_g07_c03.avi,30578.362703323364,178.21937694884184
./output/UCF-101-Gaussian/Basketball/v_Basketball_g02_c03.avi,20050.205945968628,178.12229267188482
./output/UCF-101-Gaussian/Archery/v_Archery_g02_c07.avi,29684.994220733643,178.21381321872573
./output/UCF-101-Gaussian/WritingOnBoard/v_WritingOnBoard_g17_c01.avi,32520.872592926025,178.12193226028273
./output/UCF-101-Gaussian/MilitaryParade/v_MilitaryParade_g25_c06.avi,22017.1115398407,178.20156299001803
./output/UCF-101-Gaussian/Rafting/v_Rafting_g19_c04.avi,41981.29177093506,178.1791331920218
./output/UCF-101-Gaussian/IceDancing/v_IceDancing_g02_c02.avi,45007.678747177124,178.14133943073332
./output/UCF-101-Gaussian/BrushingTeeth/v_BrushingTeeth_g25_c03.avi,39304.832220077515,178.1717972321944
./output/UCF-101-Gaussian/PoleVault/v_PoleVault_g06_c05.avi,46427.435636520386,178.1399130821228
./output/UCF-101-Gaussian/RockClimbingIndoor/v_RockClimbingIndoor_g11_c03.avi,29860.254764556885,178.18884221379628
./output/UCF-101-Gaussian/BenchPress/v_BenchPress_g17_c02.avi,12207.60178565979,178.16015201456406
./output/UCF-101-Gaussian/JugglingBalls/v_JugglingBalls_g22_c06.avi,45388.148069381714,178.227658346882
./output/UCF-101-Gaussian/HorseRiding/v_HorseRiding_g20_c04.avi,29145.566940307617,178.1846306806693
./output/UCF-101-Gaussian/StillRings/v_StillRings_g13_c01.avi,60168.94865036011,178.187073161411
./output/UCF-101-Gaussian/FrontCrawl/v_FrontCrawl_g19_c04.avi,16130.597352981567,178.19250689612494
./output/UCF-101-Gaussian/JumpRope/v_JumpRope_g10_c03.avi,107757.58910179138,178.16170319816135
./output/UCF-101-Gaussian/Billiards/v_Billiards_g14_c06.avi,52322.80254364014,178.1851708278721
./output/UCF-101-Gaussian/Knitting/v_Knitting_g03_c05.avi,37875.964879989624,178.15470358110824
./output/UCF-101-Gaussian/RopeClimbing/v_RopeClimbing_g19_c02.avi,30570.37925720215,178.17766764010602
./output/UCF-101-Gaussian/JumpingJack/v_JumpingJack_g13_c05.avi,17379.07910346985,178.19541754181853
./output/UCF-101-Gaussian/GolfSwing/v_GolfSwing_g17_c02.avi,22370.500564575195,178.1919059753418
./output/UCF-101-Gaussian/WallPushups/v_WallPushups_g17_c02.avi,23263.37742805481,178.2026877770057
./output/UCF-101-Gaussian/BoxingSpeedBag/v_BoxingSpeedBag_g19_c04.avi,22549.86619949341,178.2015637745933
./output/UCF-101-Gaussian/SoccerPenalty/v_SoccerPenalty_g24_c05.avi,15594.694375991821,178.18109742526352
./output/UCF-101-Gaussian/Lunges/v_Lunges_g09_c03.avi,36626.5230178833,178.14942918172696
./output/UCF-101-Gaussian/BandMarching/v_BandMarching_g18_c02.avi,38245.62740325928,178.2195601507882
./output/UCF-101-Gaussian/WalkingWithDog/v_WalkingWithDog_g18_c03.avi,42874.66335296631,178.15854648749033
./output/UCF-101-Gaussian/Skiing/v_Skiing_g10_c01.avi,27717.904090881348,178.16979962010538
./output/UCF-101-Gaussian/TableTennisShot/v_TableTennisShot_g09_c03.avi,13811.978340148926,178.1709689598579
./output/UCF-101-Gaussian/FrisbeeCatch/v_FrisbeeCatch_g01_c02.avi,11494.411706924438,178.18164452910423
./output/UCF-101-Gaussian/Skijet/v_Skijet_g08_c03.avi,37339.53356742859,178.14780536450837
./output/UCF-101-Gaussian/BlowingCandles/v_BlowingCandles_g19_c03.avi,20583.75358581543,178.14704853555432
./output/UCF-101-Gaussian/SumoWrestling/v_SumoWrestling_g07_c02.avi,46617.3312664032,178.1796468172037
./output/UCF-101-Gaussian/Kayaking/v_Kayaking_g08_c05.avi,27893.890380859375,178.15850789730365
./output/UCF-101-Gaussian/Drumming/v_Drumming_g14_c01.avi,46081.55679702759,178.1783935635589
./output/UCF-101-Gaussian/SkyDiving/v_SkyDiving_g06_c04.avi,27534.733295440674,178.1482355935233
./output/UCF-101-Gaussian/BasketballDunk/v_BasketballDunk_g03_c04.avi,14532.103538513184,178.2440197320632
./output/UCF-101-Gaussian/CricketShot/v_CricketShot_g06_c06.avi,30210.92987060547,178.15995639597875
./output/UCF-101-Gaussian/HulaHoop/v_HulaHoop_g10_c02.avi,18085.981845855713,178.13355379765576
./output/UCF-101-Gaussian/HammerThrow/v_HammerThrow_g10_c04.avi,42331.67481422424,178.14927765085727
./output/UCF-101-Gaussian/BreastStroke/v_BreastStroke_g08_c04.avi,35567.636489868164,178.20374091066907
./output/UCF-101-Gaussian/YoYo/v_YoYo_g09_c04.avi,31645.34330368042,178.2031934813591
./output/UCF-101-Gaussian/Shotput/v_Shotput_g08_c06.avi,18093.902111053467,178.18398758916572
./output/UCF-101-Gaussian/ShavingBeard/v_ShavingBeard_g06_c05.avi,64077.61192321777,178.14596781823627
./output/UCF-101-Poisson/PizzaTossing/v_PizzaTossing_g18_c01.avi,19307.55066871643,177.9003628978023
./output/UCF-101-Poisson/PlayingFlute/v_PlayingFlute_g21_c03.avi,63247.40648269653,177.81876040176607
./output/UCF-101-Poisson/TennisSwing/v_TennisSwing_g17_c03.avi,49517.59219169617,177.71213003199736
./output/UCF-101-Poisson/Mixing/v_Mixing_g02_c05.avi,26414.793729782104,177.80911278080296
./output/UCF-101-Poisson/TrampolineJumping/v_TrampolineJumping_g14_c02.avi,40847.01418876648,177.90509727844506
./output/UCF-101-Poisson/Rowing/v_Rowing_g20_c04.avi,54554.181814193726,177.89272934782738
./output/UCF-101-Poisson/ApplyEyeMakeup/v_ApplyEyeMakeup_g04_c02.avi,23574.436902999878,177.8644865209406
./output/UCF-101-Poisson/LongJump/v_LongJump_g25_c03.avi,31607.804775238037,177.99999754307635
./output/UCF-101-Poisson/PlayingDhol/v_PlayingDhol_g04_c04.avi,73192.8141117096,177.78206625704058
./output/UCF-101-Poisson/SoccerJuggling/v_SoccerJuggling_g23_c02.avi,42786.02457046509,177.82902618249258
./output/UCF-101-Poisson/Surfing/v_Surfing_g20_c06.avi,46187.77012825012,177.90727265553124
./output/UCF-101-Poisson/PlayingViolin/v_PlayingViolin_g13_c03.avi,30680.981397628784,177.79741176339084
./output/UCF-101-Poisson/ThrowDiscus/v_ThrowDiscus_g08_c03.avi,20548.551082611084,177.8608861176864
./output/UCF-101-Poisson/SkateBoarding/v_SkateBoarding_g08_c05.avi,19302.935123443604,177.8624035693981
./output/UCF-101-Poisson/Fencing/v_Fencing_g03_c04.avi,16814.88275527954,177.89703480740812
./output/UCF-101-Poisson/Hammering/v_Hammering_g19_c04.avi,15917.408227920532,177.81380321202653
./output/UCF-101-Poisson/CliffDiving/v_CliffDiving_g03_c01.avi,16462.303161621094,177.93615745461506
./output/UCF-101-Poisson/Swing/v_Swing_g21_c05.avi,35856.066942214966,177.87268505760687
./output/UCF-101-Poisson/PlayingSitar/v_PlayingSitar_g23_c06.avi,74658.9412689209,177.8851989345505
./output/UCF-101-Poisson/BlowDryHair/v_BlowDryHair_g03_c01.avi,42283.10775756836,177.95391424798765
./output/UCF-101-Poisson/VolleyballSpiking/v_VolleyballSpiking_g07_c05.avi,15385.997772216797,177.8282038001127
./output/UCF-101-Poisson/Punch/v_Punch_g16_c05.avi,53505.5296421051,177.93142477671304
./output/UCF-101-Poisson/HighJump/v_HighJump_g08_c02.avi,20908.60104560852,177.89571101848895
./output/UCF-101-Poisson/PlayingTabla/v_PlayingTabla_g11_c03.avi,50799.66473579407,177.8507065354732
./output/UCF-101-Poisson/BaseballPitch/v_BaseballPitch_g11_c01.avi,18588.505268096924,177.80820223001334
./output/UCF-101-Poisson/PullUps/v_PullUps_g10_c02.avi,30862.483978271484,177.82026357044376
./output/UCF-101-Poisson/PlayingDaf/v_PlayingDaf_g06_c03.avi,57009.41610336304,178.3379267749368
./output/UCF-101-Poisson/HandstandWalking/v_HandstandWalking_g19_c04.avi,47945.05262374878,179.81816772231483
./output/UCF-101-Poisson/ParallelBars/v_ParallelBars_g15_c02.avi,25899.882793426514,177.94504658929233
./output/UCF-101-Poisson/Diving/v_Diving_g08_c05.avi,27671.407222747803,177.8891594179215
./output/UCF-101-Poisson/SalsaSpin/v_SalsaSpin_g06_c05.avi,29796.25940322876,177.82692566603242
./output/UCF-101-Poisson/UnevenBars/v_UnevenBars_g16_c04.avi,53493.50547790527,177.9348874092102
./output/UCF-101-Poisson/JavelinThrow/v_JavelinThrow_g14_c03.avi,9159.242868423462,177.86570156321807
./output/UCF-101-Poisson/Haircut/v_Haircut_g19_c03.avi,45684.152126312256,178.02177369594574
./output/UCF-101-Poisson/ApplyLipstick/v_ApplyLipstick_g21_c03.avi,25531.31937980652,177.85869278274217
./output/UCF-101-Poisson/PlayingCello/v_PlayingCello_g22_c01.avi,45820.31726837158,177.84041189498012
./output/UCF-101-Poisson/Nunchucks/v_Nunchucks_g01_c02.avi,46518.73683929443,177.81459508727792
./output/UCF-101-Poisson/CleanAndJerk/v_CleanAndJerk_g25_c03.avi,37096.264123916626,177.84935121352856
./output/UCF-101-Poisson/HandstandPushups/v_HandStandPushups_g03_c04.avi,31214.69736099243,177.7961880820138
./output/UCF-101-Poisson/CuttingInKitchen/v_CuttingInKitchen_g14_c04.avi,17529.977798461914,177.89749709927307
./output/UCF-101-Poisson/BoxingPunchingBag/v_BoxingPunchingBag_g01_c06.avi,29275.56824684143,177.85831777060903
./output/UCF-101-Poisson/PushUps/v_PushUps_g04_c01.avi,16276.267766952515,177.78859557686272
./output/UCF-101-Poisson/PommelHorse/v_PommelHorse_g19_c03.avi,51339.96248245239,177.86882569392523
./output/UCF-101-Poisson/BodyWeightSquats/v_BodyWeightSquats_g24_c01.avi,41028.953313827515,177.9223462809687
./output/UCF-101-Poisson/FieldHockeyPenalty/v_FieldHockeyPenalty_g17_c04.avi,14858.153820037842,177.86685817212944
./output/UCF-101-Poisson/Typing/v_Typing_g24_c03.avi,51329.68473434448,177.83139728837543
./output/UCF-101-Poisson/FloorGymnastics/v_FloorGymnastics_g10_c05.avi,22513.343334197998,177.91530064174108
./output/UCF-101-Poisson/MoppingFloor/v_MoppingFloor_g05_c02.avi,51720.72792053223,177.94518799617373
./output/UCF-101-Poisson/Bowling/v_Bowling_g13_c05.avi,19130.975484848022,177.9168253747102
./output/UCF-101-Poisson/HorseRace/v_HorseRace_g14_c03.avi,40837.10765838623,177.84625786360695
./output/UCF-101-Poisson/Biking/v_Biking_g21_c03.avi,21797.566890716553,177.8793080908353
./output/UCF-101-Poisson/HeadMassage/v_HeadMassage_g04_c02.avi,29998.582363128662,177.96058598018828
./output/UCF-101-Poisson/PlayingGuitar/v_PlayingGuitar_g25_c03.avi,44566.1895275116,177.8307981491089
./output/UCF-101-Poisson/BabyCrawling/v_BabyCrawling_g20_c01.avi,46538.69962692261,177.88812483864268
./output/UCF-101-Poisson/PlayingPiano/v_PlayingPiano_g18_c03.avi,43124.08351898193,177.75779420679265
./output/UCF-101-Poisson/CricketBowling/v_CricketBowling_g07_c01.avi,11653.096675872803,177.9052917773907
./output/UCF-101-Poisson/BalanceBeam/v_BalanceBeam_g04_c01.avi,21455.4123878479,177.9963751633962
./output/UCF-101-Poisson/TaiChi/v_TaiChi_g07_c03.avi,30512.175798416138,177.8411391185738
./output/UCF-101-Poisson/Basketball/v_Basketball_g02_c03.avi,20011.375665664673,177.831768989563
./output/UCF-101-Poisson/Archery/v_Archery_g02_c07.avi,29631.66069984436,177.90033012987618
./output/UCF-101-Poisson/WritingOnBoard/v_WritingOnBoard_g17_c01.avi,32465.998649597168,177.78831785851781
./output/UCF-101-Poisson/MilitaryParade/v_MilitaryParade_g25_c06.avi,21979.174852371216,177.91063611100358
./output/UCF-101-Poisson/Rafting/v_Rafting_g19_c04.avi,41929.49151992798,177.93627799825467
./output/UCF-101-Poisson/IceDancing/v_IceDancing_g02_c02.avi,44933.59851837158,177.87310812208386
./output/UCF-101-Poisson/BrushingTeeth/v_BrushingTeeth_g25_c03.avi,39226.46737098694,177.82171206040815
./output/UCF-101-Poisson/PoleVault/v_PoleVault_g06_c05.avi,46370.79858779907,177.92682280907263
./output/UCF-101-Poisson/RockClimbingIndoor/v_RockClimbingIndoor_g11_c03.avi,29809.954166412354,177.88890593066188
./output/UCF-101-Poisson/BenchPress/v_BenchPress_g17_c02.avi,12187.963485717773,177.88608284557566
./output/UCF-101-Poisson/JugglingBalls/v_JugglingBalls_g22_c06.avi,45284.47437286377,177.8537382291058
./output/UCF-101-Poisson/HorseRiding/v_HorseRiding_g20_c04.avi,29098.530054092407,177.86966364807878
./output/UCF-101-Poisson/StillRings/v_StillRings_g13_c01.avi,60045.039892196655,177.82033020381758
./output/UCF-101-Poisson/FrontCrawl/v_FrontCrawl_g19_c04.avi,16110.988140106201,177.9630078209771
./output/UCF-101-Poisson/JumpRope/v_JumpRope_g10_c03.avi,107575.57439804077,177.8674658560595
./output/UCF-101-Poisson/Billiards/v_Billiards_g14_c06.avi,52209.03468132019,177.79924682382838
./output/UCF-101-Poisson/Knitting/v_Knitting_g03_c05.avi,37817.01326370239,177.8859743532145
./output/UCF-101-Poisson/RopeClimbing/v_RopeClimbing_g19_c02.avi,30528.504371643066,177.9211501629032
./output/UCF-101-Poisson/JumpingJack/v_JumpingJack_g13_c05.avi,17338.81187438965,177.7548986611907
./output/UCF-101-Poisson/GolfSwing/v_GolfSwing_g17_c02.avi,22332.309007644653,177.88128471374512
./output/UCF-101-Poisson/WallPushups/v_WallPushups_g17_c02.avi,23227.744817733765,177.8966133411114
./output/UCF-101-Poisson/BoxingSpeedBag/v_BoxingSpeedBag_g19_c04.avi,22506.120920181274,177.84916408478267
./output/UCF-101-Poisson/SoccerPenalty/v_SoccerPenalty_g24_c05.avi,15571.303844451904,177.91720916484965
./output/UCF-101-Poisson/Lunges/v_Lunges_g09_c03.avi,36563.3659362793,177.85139432767542
./output/UCF-101-Poisson/BandMarching/v_BandMarching_g18_c02.avi,38180.43756484985,177.9232660186625
./output/UCF-101-Poisson/WalkingWithDog/v_WalkingWithDog_g18_c03.avi,42786.1065864563,177.83101697762808
./output/UCF-101-Poisson/Skiing/v_Skiing_g10_c01.avi,27673.76756668091,177.8855385318879
./output/UCF-101-Poisson/TableTennisShot/v_TableTennisShot_g09_c03.avi,13785.858869552612,177.8563555184897
./output/UCF-101-Poisson/FrisbeeCatch/v_FrisbeeCatch_g01_c02.avi,11476.302146911621,177.9145523905754
./output/UCF-101-Poisson/Skijet/v_Skijet_g08_c03.avi,37283.61248970032,177.88204850192275
./output/UCF-101-Poisson/BlowingCandles/v_BlowingCandles_g19_c03.avi,20559.343576431274,177.9519972593888
./output/UCF-101-Poisson/SumoWrestling/v_SumoWrestling_g07_c02.avi,46543.40672492981,177.90797935135063
./output/UCF-101-Poisson/Kayaking/v_Kayaking_g08_c05.avi,27853.601217269897,177.91709380272107
./output/UCF-101-Poisson/Drumming/v_Drumming_g14_c01.avi,46057.087421417236,178.0924251837324
./output/UCF-101-Poisson/SkyDiving/v_SkyDiving_g06_c04.avi,27499.679565429688,177.92792134470753
./output/UCF-101-Poisson/BasketballDunk/v_BasketballDunk_g03_c04.avi,14506.593227386475,177.9636483133575
./output/UCF-101-Poisson/CricketShot/v_CricketShot_g06_c06.avi,30166.50104522705,177.90522518947986
./output/UCF-101-Poisson/HulaHoop/v_HulaHoop_g10_c02.avi,18052.406072616577,177.8150218548161
./output/UCF-101-Poisson/HammerThrow/v_HammerThrow_g10_c04.avi,42246.74201011658,177.80664198509248
./output/UCF-101-Poisson/BreastStroke/v_BreastStroke_g08_c04.avi,35506.032943725586,177.90315738275422
./output/UCF-101-Poisson/YoYo/v_YoYo_g09_c04.avi,31583.303928375244,177.86430234962938
./output/UCF-101-Poisson/Shotput/v_Shotput_g08_c06.avi,18046.494007110596,177.75072673759837
./output/UCF-101-Poisson/ShavingBeard/v_ShavingBeard_g06_c05.avi,63959.75947380066,177.83062504526632
